File ID	File Name	Data Category	Data Type	Project ID	Case ID	Sample ID	Sample Type
c510ba42-c8f6-407f-9662-35e156c4e442	6c4b3467-bf5a-4241-a580-44eea16df109.FPKM-UQ.txt.gz	Transcriptome Profiling	Gene Expression Quantification	TCGA-KIRC	TCGA-CJ-6030	TCGA-CJ-6030-11A	Solid Tissue Normal
cb456ce2-893f-4095-a8e7-4b9ed4704c55	44925f20-dad5-40de-99b6-e8164abe94ed.FPKM-UQ.txt.gz	Transcriptome Profiling	Gene Expression Quantification	TCGA-KIRC	TCGA-AK-3455	TCGA-AK-3455-01A	Primary Tumor
459b6c42-0fb0-4a7c-8c8f-41c13bd35465	345d3200-a399-4eca-b48f-2beeb1689a8a.FPKM-UQ.txt.gz	Transcriptome Profiling	Gene Expression Quantification	TCGA-KIRC	TCGA-B0-5088	TCGA-B0-5088-01A	Primary Tumor
c00e82c8-f1d5-4672-97a9-11a5d88c602e	de01576d-54fd-453b-8e13-735d8936b171.FPKM-UQ.txt.gz	Transcriptome Profiling	Gene Expression Quantification	TCGA-KIRC	TCGA-B0-5695	TCGA-B0-5695-01A	Primary Tumor
56f28365-c5aa-4c8a-b2ff-b30f630a91e5	6d221ee7-2444-464e-9782-e83df2e203fa.FPKM-UQ.txt.gz	Transcriptome Profiling	Gene Expression Quantification	TCGA-KIRC	TCGA-BP-4992	TCGA-BP-4992-01A	Primary Tumor
0aa53786-929e-47ea-9169-7ed06710cf2f	53bbcddc-bbee-4a5c-ae1b-f68a5e7ef01c.FPKM-UQ.txt.gz	Transcriptome Profiling	Gene Expression Quantification	TCGA-KIRC	TCGA-A3-3378	TCGA-A3-3378-01A	Primary Tumor
703909cf-765a-4ff9-9a88-c972d3bc1648	c5d97e4a-8a34-4d99-8fae-70dd5bb12234.FPKM-UQ.txt.gz	Transcriptome Profiling	Gene Expression Quantification	TCGA-KIRC	TCGA-BP-5007	TCGA-BP-5007-01A	Primary Tumor
6d47911a-157d-40e8-a4e7-96239ca69b3e	345cff8d-f361-4f8e-8221-9e310ffb1956.FPKM-UQ.txt.gz	Transcriptome Profiling	Gene Expression Quantification	TCGA-KIRC	TCGA-BP-4971	TCGA-BP-4971-01A	Primary Tumor
b65ab676-e7fd-43db-b2ff-be5855a5cf62	2950c137-45e0-458f-987f-31de7f7befc4.FPKM-UQ.txt.gz	Transcriptome Profiling	Gene Expression Quantification	TCGA-KIRC	TCGA-CJ-5677	TCGA-CJ-5677-01A	Primary Tumor
1891ce61-f71b-4836-897b-63794798e47c	d3f73c0f-d518-4e91-b038-a4360495ee27.FPKM-UQ.txt.gz	Transcriptome Profiling	Gene Expression Quantification	TCGA-KIRC	TCGA-A3-3308	TCGA-A3-3308-01A	Primary Tumor
a07087a1-7b87-4dde-935a-fe3df479249c	bfd8c6e2-15cc-48ae-a4a3-722ab3527fb9.FPKM-UQ.txt.gz	Transcriptome Profiling	Gene Expression Quantification	TCGA-KIRC	TCGA-CZ-5453	TCGA-CZ-5453-01A	Primary Tumor
6006316b-6818-44f6-848e-0e01956df85b	9fbf27fa-c33d-443c-a50e-74c731cdeccd.FPKM-UQ.txt.gz	Transcriptome Profiling	Gene Expression Quantification	TCGA-KIRC	TCGA-B0-5092	TCGA-B0-5092-01A	Primary Tumor
62116d65-47d4-49fe-8198-35421e7d4ff3	d7e7ad52-ecde-4744-b4e7-28dea4d186da.FPKM-UQ.txt.gz	Transcriptome Profiling	Gene Expression Quantification	TCGA-KIRC	TCGA-CW-5583	TCGA-CW-5583-01A	Primary Tumor
8748f0af-8d2d-40a4-a426-76141f4b8ca7	a0b1fe2b-28f6-4e9d-bc06-67be4b47e523.FPKM-UQ.txt.gz	Transcriptome Profiling	Gene Expression Quantification	TCGA-KIRC	TCGA-CJ-6030	TCGA-CJ-6030-01A	Primary Tumor
2dbe2534-763d-4923-93fa-f9fab7566f83	0af9ed7c-6508-4988-a2d2-66806cf14c95.FPKM-UQ.txt.gz	Transcriptome Profiling	Gene Expression Quantification	TCGA-KIRC	TCGA-BP-5195	TCGA-BP-5195-01A	Primary Tumor
a62751be-eaae-42ed-9613-d787e223bfa6	e50711df-fe6b-480f-97c0-e150cb5d3a5b.FPKM-UQ.txt.gz	Transcriptome Profiling	Gene Expression Quantification	TCGA-KIRC	TCGA-CW-5587	TCGA-CW-5587-11A	Solid Tissue Normal
1f099e6b-afe2-42d4-a6cb-423a27fcd55c	eb70ccf2-f854-4d99-92a3-f02ba2b3c770.FPKM-UQ.txt.gz	Transcriptome Profiling	Gene Expression Quantification	TCGA-KIRC	TCGA-CW-6090	TCGA-CW-6090-01A	Primary Tumor
cfc52e36-9119-4a4e-a400-3deb03394a5c	b1f1481f-9572-4460-bc2e-7646b454f488.FPKM-UQ.txt.gz	Transcriptome Profiling	Gene Expression Quantification	TCGA-KIRC	TCGA-MW-A4EC	TCGA-MW-A4EC-01A	Primary Tumor
c154dde0-4a33-4bb8-aa06-29b0c681e0c5	bdc00e8a-cff2-4281-8762-12c4470fc23d.FPKM-UQ.txt.gz	Transcriptome Profiling	Gene Expression Quantification	TCGA-KIRC	TCGA-B0-5106	TCGA-B0-5106-01A	Primary Tumor
78d7ea0e-c4a3-466b-a68c-9b9a25a1b7db	d99d874c-b050-466d-9475-48d8af5ad972.FPKM-UQ.txt.gz	Transcriptome Profiling	Gene Expression Quantification	TCGA-KIRC	TCGA-BP-5187	TCGA-BP-5187-01A	Primary Tumor
c51da0b2-5fac-4df8-b083-38fab6231150	00c12b3c-61c9-4d02-bd7e-2067f9a5f5c0.FPKM-UQ.txt.gz	Transcriptome Profiling	Gene Expression Quantification	TCGA-KIRC	TCGA-B0-5081	TCGA-B0-5081-01A	Primary Tumor
f13de017-a60e-40ea-a0cb-1eb0471aedd7	faeef296-5731-4095-b617-18a19e419b3f.FPKM-UQ.txt.gz	Transcriptome Profiling	Gene Expression Quantification	TCGA-KIRC	TCGA-BP-4977	TCGA-BP-4977-01A	Primary Tumor
6fbb4fa9-be4c-49b4-8378-63d45f2100ea	e9aa9cb2-b87f-4d1f-8627-11a1c1d900c7.FPKM-UQ.txt.gz	Transcriptome Profiling	Gene Expression Quantification	TCGA-KIRC	TCGA-A3-3373	TCGA-A3-3373-01A	Primary Tumor
2a3c30f6-530f-49db-90b3-50630c167b0f	a6786f3b-caf0-4e1f-9711-1479b1ae0fdf.FPKM-UQ.txt.gz	Transcriptome Profiling	Gene Expression Quantification	TCGA-KIRC	TCGA-G6-A8L6	TCGA-G6-A8L6-01A	Primary Tumor
91d852d9-5fd9-4183-aabf-32aac6f05c4d	bc2898e8-56c4-4e12-96ee-720ab9d4e958.FPKM-UQ.txt.gz	Transcriptome Profiling	Gene Expression Quantification	TCGA-KIRC	TCGA-CZ-4853	TCGA-CZ-4853-01A	Primary Tumor
7e86ce71-af48-4bf2-9e27-b465b8deac06	a6d0f911-5137-4a56-a772-51da9d23f253.FPKM-UQ.txt.gz	Transcriptome Profiling	Gene Expression Quantification	TCGA-KIRC	TCGA-BP-4964	TCGA-BP-4964-01A	Primary Tumor
082681d4-e531-4662-82aa-20a7ad09d686	a4b9a319-8f66-494e-8ada-530a1e8145d7.FPKM-UQ.txt.gz	Transcriptome Profiling	Gene Expression Quantification	TCGA-KIRC	TCGA-EU-5905	TCGA-EU-5905-01A	Primary Tumor
d696d23e-287f-423d-92f4-e20f550322a2	200f078d-025a-4d6a-9e45-709313357760.FPKM-UQ.txt.gz	Transcriptome Profiling	Gene Expression Quantification	TCGA-KIRC	TCGA-CZ-5460	TCGA-CZ-5460-01A	Primary Tumor
85ad71f3-0f8d-4f14-9ed7-2b2ba2fc19d8	f7b97473-d095-419b-98ca-f9212f037893.FPKM-UQ.txt.gz	Transcriptome Profiling	Gene Expression Quantification	TCGA-KIRC	TCGA-CJ-4918	TCGA-CJ-4918-01A	Primary Tumor
25d8513b-62c8-46eb-a82f-592f949997af	6ede5224-9a84-4ec5-9db2-99fbaf3419b1.FPKM-UQ.txt.gz	Transcriptome Profiling	Gene Expression Quantification	TCGA-KIRC	TCGA-B0-5705	TCGA-B0-5705-01A	Primary Tumor
11e10268-b8a1-45c0-8fb5-2e1a184a2cc2	6b8fbd86-ffe4-463b-bd1e-5fe3249f9dc9.FPKM-UQ.txt.gz	Transcriptome Profiling	Gene Expression Quantification	TCGA-KIRC	TCGA-B0-5102	TCGA-B0-5102-01A	Primary Tumor
c9116500-9dac-4707-a263-5f50745d9b22	08c5dec2-1521-4c5b-90fc-1d17306a6da0.FPKM-UQ.txt.gz	Transcriptome Profiling	Gene Expression Quantification	TCGA-KIRC	TCGA-B8-5165	TCGA-B8-5165-01A	Primary Tumor
b35d781c-e144-4fb1-9201-6df00462f90e	5ed6a576-0353-4e3e-9df8-a1a177e4672f.FPKM-UQ.txt.gz	Transcriptome Profiling	Gene Expression Quantification	TCGA-KIRC	TCGA-CJ-6031	TCGA-CJ-6031-01A	Primary Tumor
4c9fc9e1-8f25-41eb-827c-4b03bbc0a07f	5a1115b6-f0b9-4912-a493-7b239e3f674b.FPKM-UQ.txt.gz	Transcriptome Profiling	Gene Expression Quantification	TCGA-KIRC	TCGA-BP-5181	TCGA-BP-5181-01A	Primary Tumor
3ecc21c8-bd3f-44e3-867c-4d3fbf85dbce	286f0725-a1d9-4745-aa33-c7a0d35e0481.FPKM-UQ.txt.gz	Transcriptome Profiling	Gene Expression Quantification	TCGA-KIRC	TCGA-B4-5836	TCGA-B4-5836-01A	Primary Tumor
4939aea0-b157-40e6-b2ff-1f045f4873f1	a85824a2-de8d-4c52-942f-d8af5fe92ea9.FPKM-UQ.txt.gz	Transcriptome Profiling	Gene Expression Quantification	TCGA-KIRC	TCGA-CZ-5987	TCGA-CZ-5987-11A	Solid Tissue Normal
e9393f4a-9589-4969-8b53-8eafd50339a5	c5f1fac6-8b52-4a0d-b75c-fbb268b91fe6.FPKM-UQ.txt.gz	Transcriptome Profiling	Gene Expression Quantification	TCGA-KIRC	TCGA-B2-5635	TCGA-B2-5635-01B	Primary Tumor
819371fb-28f6-45e7-947b-3f7f66cac715	298d4abf-31eb-4155-904a-1b8f4fea371d.FPKM-UQ.txt.gz	Transcriptome Profiling	Gene Expression Quantification	TCGA-KIRC	TCGA-BP-5199	TCGA-BP-5199-01A	Primary Tumor
6604d924-4405-4105-9b1b-b27ddbc273eb	e4b1ed66-ee93-4b3f-922f-f386412247ec.FPKM-UQ.txt.gz	Transcriptome Profiling	Gene Expression Quantification	TCGA-KIRC	TCGA-CZ-5982	TCGA-CZ-5982-11A	Solid Tissue Normal
5e797451-145a-406e-af36-884bd59b9146	6c2a30ae-9435-4d9c-99dd-59d8d77f3920.FPKM-UQ.txt.gz	Transcriptome Profiling	Gene Expression Quantification	TCGA-KIRC	TCGA-BP-5201	TCGA-BP-5201-01A	Primary Tumor
33a3ab25-7996-41fd-9996-269cc3a4a709	227d9c16-4459-44ea-af9a-ca89d6e052e9.FPKM-UQ.txt.gz	Transcriptome Profiling	Gene Expression Quantification	TCGA-KIRC	TCGA-BP-5006	TCGA-BP-5006-01A	Primary Tumor
0795d5a4-56eb-4403-a56b-94cef40aa678	3a1ef3a4-f090-47dd-81ee-48469bc3f6ef.FPKM-UQ.txt.gz	Transcriptome Profiling	Gene Expression Quantification	TCGA-KIRC	TCGA-B4-5832	TCGA-B4-5832-01A	Primary Tumor
54f5333e-2ab7-4f6c-89d3-3f361629fa83	0048d446-301b-4d04-97d2-1348b6889692.FPKM-UQ.txt.gz	Transcriptome Profiling	Gene Expression Quantification	TCGA-KIRC	TCGA-CZ-5465	TCGA-CZ-5465-01A	Primary Tumor
31f6e9a5-68ae-4b33-8cbc-f17f38aab849	149c3888-04c2-4701-9217-746e05c7b346.FPKM-UQ.txt.gz	Transcriptome Profiling	Gene Expression Quantification	TCGA-KIRC	TCGA-CW-5580	TCGA-CW-5580-11A	Solid Tissue Normal
f3145af5-4373-450b-846e-edb1a9cc8ffe	476de4e4-7dfd-41a8-a3c5-3ae05987093e.FPKM-UQ.txt.gz	Transcriptome Profiling	Gene Expression Quantification	TCGA-KIRC	TCGA-B0-5096	TCGA-B0-5096-01A	Primary Tumor
6aaef9bc-ca8a-458c-adeb-5f6e35010fd2	01ae4201-f15c-4790-a7ea-41290808c5fa.FPKM-UQ.txt.gz	Transcriptome Profiling	Gene Expression Quantification	TCGA-KIRC	TCGA-A3-A8OV	TCGA-A3-A8OV-01A	Primary Tumor
81776a99-5f09-4fda-8d9b-d0a8f417a3fa	7a43da66-e219-4bc3-bddb-ef014247039f.FPKM-UQ.txt.gz	Transcriptome Profiling	Gene Expression Quantification	TCGA-KIRC	TCGA-CZ-5986	TCGA-CZ-5986-11A	Solid Tissue Normal
bef7356e-1e52-4035-994c-aa52865b0b9b	0afa874c-af86-47d8-8757-0679af6804a9.FPKM-UQ.txt.gz	Transcriptome Profiling	Gene Expression Quantification	TCGA-KIRC	TCGA-B0-5120	TCGA-B0-5120-01A	Primary Tumor
8c763b4f-0309-4ab8-9879-7bba4d5603fa	862ee0a5-794a-4bad-974e-84b341fa7d50.FPKM-UQ.txt.gz	Transcriptome Profiling	Gene Expression Quantification	TCGA-KIRC	TCGA-BP-4973	TCGA-BP-4973-01A	Primary Tumor
b467de6d-7447-48da-8891-ee5441ca6bdd	3ff465f0-6c58-41eb-bad1-15bd5cd80531.FPKM-UQ.txt.gz	Transcriptome Profiling	Gene Expression Quantification	TCGA-KIRC	TCGA-BP-4962	TCGA-BP-4962-01A	Primary Tumor
60896424-c6b4-4986-8997-d7f12e6770ed	984ea13e-adc6-48f7-830d-66ce450a2ea0.FPKM-UQ.txt.gz	Transcriptome Profiling	Gene Expression Quantification	TCGA-KIRC	TCGA-CJ-5677	TCGA-CJ-5677-11A	Solid Tissue Normal
f1122595-f2f1-4a14-a0e8-d2518aac922c	f1af54f4-3006-4136-b0db-aec16e2075ec.FPKM-UQ.txt.gz	Transcriptome Profiling	Gene Expression Quantification	TCGA-KIRC	TCGA-BP-4968	TCGA-BP-4968-01A	Primary Tumor
ce5a8415-aa62-43da-aa18-f240a47dd8ad	531bdb39-8e5d-4817-b5fa-a60ba31296a0.FPKM-UQ.txt.gz	Transcriptome Profiling	Gene Expression Quantification	TCGA-KIRC	TCGA-A3-3367	TCGA-A3-3367-01A	Primary Tumor
3dd66e54-3b93-497c-af10-af449de708f4	2eb359c8-470a-47b4-a448-eb45df341862.FPKM-UQ.txt.gz	Transcriptome Profiling	Gene Expression Quantification	TCGA-KIRC	TCGA-CW-5587	TCGA-CW-5587-01A	Primary Tumor
c42140cf-307a-4bcb-bc32-a140cf3e120d	801c2c60-5dc2-43f7-949f-18b5a35a4ca3.FPKM-UQ.txt.gz	Transcriptome Profiling	Gene Expression Quantification	TCGA-KIRC	TCGA-CZ-5989	TCGA-CZ-5989-11A	Solid Tissue Normal
15333baa-e3e0-4114-a7e6-01ee316c979f	5c9f1a05-1dc7-4e83-8dc2-3e5071796c07.FPKM-UQ.txt.gz	Transcriptome Profiling	Gene Expression Quantification	TCGA-KIRC	TCGA-CJ-4904	TCGA-CJ-4904-01A	Primary Tumor
c8e59622-1bfe-4237-b463-625be2d61a72	a842f65f-8e47-4ddb-81aa-a4acff6b4963.FPKM-UQ.txt.gz	Transcriptome Profiling	Gene Expression Quantification	TCGA-KIRC	TCGA-B8-5549	TCGA-B8-5549-11A	Solid Tissue Normal
b1068ea4-476a-4925-9142-d9d5d8ff627b	432bfb40-6587-4393-89b8-456e639152e8.FPKM-UQ.txt.gz	Transcriptome Profiling	Gene Expression Quantification	TCGA-KIRC	TCGA-BP-5196	TCGA-BP-5196-01A	Primary Tumor
4e2dff09-1b33-490b-9e61-edab7616ba94	4020fb48-41a6-40be-bf52-0e45fa2c1799.FPKM-UQ.txt.gz	Transcriptome Profiling	Gene Expression Quantification	TCGA-KIRC	TCGA-CJ-5672	TCGA-CJ-5672-11A	Solid Tissue Normal
b6c0fa88-0a3d-4442-ab3e-69363f95766d	402c906c-8229-4169-b324-b990caf0d8c0.FPKM-UQ.txt.gz	Transcriptome Profiling	Gene Expression Quantification	TCGA-KIRC	TCGA-BP-4998	TCGA-BP-4998-01A	Primary Tumor
d0d0781c-2672-4a7a-9e06-28b8ca429a98	28d619c4-0511-4db1-bc3a-7a1c9ceec662.FPKM-UQ.txt.gz	Transcriptome Profiling	Gene Expression Quantification	TCGA-KIRC	TCGA-EU-5906	TCGA-EU-5906-01A	Primary Tumor
9a59f745-1821-4311-8e6c-fa443c65ed94	68e11add-9274-45d8-a789-1f475e781cd2.FPKM-UQ.txt.gz	Transcriptome Profiling	Gene Expression Quantification	TCGA-KIRC	TCGA-A3-A8OX	TCGA-A3-A8OX-01A	Primary Tumor
96a01dee-9a40-4b8c-9e83-be1c0e5d736a	5b28b53d-0d5e-4359-be3d-23bcb185fc00.FPKM-UQ.txt.gz	Transcriptome Profiling	Gene Expression Quantification	TCGA-KIRC	TCGA-EU-5907	TCGA-EU-5907-01A	Primary Tumor
33ec7742-dc85-44d2-8ca4-07e0fa6e2447	7223f19a-017e-465b-b81b-bed54252c6b0.FPKM-UQ.txt.gz	Transcriptome Profiling	Gene Expression Quantification	TCGA-KIRC	TCGA-3Z-A93Z	TCGA-3Z-A93Z-01A	Primary Tumor
ea0d00d1-60da-4ece-a5c4-c76a5b6d7bc4	c6dbc122-4220-4c6c-bf36-69ff371c5549.FPKM-UQ.txt.gz	Transcriptome Profiling	Gene Expression Quantification	TCGA-KIRC	TCGA-B0-5099	TCGA-B0-5099-01A	Primary Tumor
1808acbe-e714-4b8a-b9a1-455b3681e24f	a0c716d7-ab86-4381-9f1c-11f5e4d386ca.FPKM-UQ.txt.gz	Transcriptome Profiling	Gene Expression Quantification	TCGA-KIRC	TCGA-CJ-5684	TCGA-CJ-5684-01A	Primary Tumor
5e1d88cf-5d81-4a90-a697-5747293ac63f	74c84a22-7165-41f7-a38f-ed2db790ca2f.FPKM-UQ.txt.gz	Transcriptome Profiling	Gene Expression Quantification	TCGA-KIRC	TCGA-MM-A564	TCGA-MM-A564-01A	Primary Tumor
1dbc82c5-40ce-438a-a2af-325269ae3e0c	5c389a62-c076-421d-9b55-03a6a44a7f32.FPKM-UQ.txt.gz	Transcriptome Profiling	Gene Expression Quantification	TCGA-KIRC	TCGA-A3-3380	TCGA-A3-3380-01A	Primary Tumor
45de901f-d148-4d06-8c6f-c755b83504b7	d73728cb-58d3-4d95-a13a-37baa003609f.FPKM-UQ.txt.gz	Transcriptome Profiling	Gene Expression Quantification	TCGA-KIRC	TCGA-CW-5591	TCGA-CW-5591-11A	Solid Tissue Normal
77952f3f-ba09-4927-8f84-d954a67795e2	61162647-173a-458b-a387-967a2fd77630.FPKM-UQ.txt.gz	Transcriptome Profiling	Gene Expression Quantification	TCGA-KIRC	TCGA-BP-4986	TCGA-BP-4986-01A	Primary Tumor
9fbdd600-6b0d-40f3-8d12-40ad7e3e2323	fb7bdba2-fc02-4d20-804c-704310642bdc.FPKM-UQ.txt.gz	Transcriptome Profiling	Gene Expression Quantification	TCGA-KIRC	TCGA-A3-3326	TCGA-A3-3326-01A	Primary Tumor
1dd533b6-911f-4bb7-b70c-d774a6d754ae	3d118af2-5f3e-4b03-90bc-ec9df6792742.FPKM-UQ.txt.gz	Transcriptome Profiling	Gene Expression Quantification	TCGA-KIRC	TCGA-BP-4960	TCGA-BP-4960-01A	Primary Tumor
6f2e5fac-59d6-408f-9a19-ca34c5360413	3b57505d-cea2-4f9c-8c85-862fefaa5c63.FPKM-UQ.txt.gz	Transcriptome Profiling	Gene Expression Quantification	TCGA-KIRC	TCGA-BP-5198	TCGA-BP-5198-01A	Primary Tumor
66a417d3-696d-4b4a-8fb3-258d9cbceeae	6aa7ae56-0370-41a9-9286-d4795e06cf5a.FPKM-UQ.txt.gz	Transcriptome Profiling	Gene Expression Quantification	TCGA-KIRC	TCGA-BP-5180	TCGA-BP-5180-01A	Primary Tumor
53cdb1a6-9e0c-4bcc-bedc-a9cde11c31b6	bb216d3b-cacc-46df-89d6-455a5831a8f0.FPKM-UQ.txt.gz	Transcriptome Profiling	Gene Expression Quantification	TCGA-KIRC	TCGA-B0-5705	TCGA-B0-5705-11A	Solid Tissue Normal
b84deaf5-e814-4031-9442-373716ef534a	426b94fe-fcff-49f2-9d0b-c7cb49bb5559.FPKM-UQ.txt.gz	Transcriptome Profiling	Gene Expression Quantification	TCGA-KIRC	TCGA-A3-3385	TCGA-A3-3385-01A	Primary Tumor
654bbbbe-b86d-48aa-b4f0-cdaea575da5c	c4fbad39-af28-4011-86d8-ac700e3af78d.FPKM-UQ.txt.gz	Transcriptome Profiling	Gene Expression Quantification	TCGA-KIRC	TCGA-B0-5402	TCGA-B0-5402-11A	Solid Tissue Normal
83b98822-2282-49dd-abff-083f2b4fab85	7f6e7f9e-1ec3-4109-b4fd-1786aad9942f.FPKM-UQ.txt.gz	Transcriptome Profiling	Gene Expression Quantification	TCGA-KIRC	TCGA-B2-5635	TCGA-B2-5635-01A	Primary Tumor
b93cf76e-aa67-408f-86c9-a3ab107ffea0	8cb43c50-4ce9-4707-9dfa-cc5ed66a6b61.FPKM-UQ.txt.gz	Transcriptome Profiling	Gene Expression Quantification	TCGA-KIRC	TCGA-CZ-5470	TCGA-CZ-5470-11A	Solid Tissue Normal
5c465748-fde4-43c0-bc67-a5d633ab4a7b	640ccf3e-487f-49ca-8df6-67e10d852c9e.FPKM-UQ.txt.gz	Transcriptome Profiling	Gene Expression Quantification	TCGA-KIRC	TCGA-B8-5551	TCGA-B8-5551-01A	Primary Tumor
0860e63c-be82-4fa0-945d-9cf24e45ea33	df1d818d-1204-434a-8597-9cc864d5cc36.FPKM-UQ.txt.gz	Transcriptome Profiling	Gene Expression Quantification	TCGA-KIRC	TCGA-B0-5706	TCGA-B0-5706-11A	Solid Tissue Normal
5170bd2e-0e05-48c9-b4d7-31e2d660a559	020a0264-e1d5-4957-9abf-df6983845b8a.FPKM-UQ.txt.gz	Transcriptome Profiling	Gene Expression Quantification	TCGA-KIRC	TCGA-BP-5173	TCGA-BP-5173-01A	Primary Tumor
b998edcc-6f02-4440-a908-bb1df0926524	7c9774cf-1a6b-4c25-a280-8b632afdf8c5.FPKM-UQ.txt.gz	Transcriptome Profiling	Gene Expression Quantification	TCGA-KIRC	TCGA-B0-5703	TCGA-B0-5703-01A	Primary Tumor
400ae180-840e-4298-987e-9627d58edcf5	26a6f9a8-7fb5-4a18-bebb-bdb9ad451116.FPKM-UQ.txt.gz	Transcriptome Profiling	Gene Expression Quantification	TCGA-KIRC	TCGA-B0-5709	TCGA-B0-5709-01A	Primary Tumor
24202659-a768-4f84-8962-6390af2ab83c	3ac10a9b-801d-4e87-8b8d-33f1c7eed2bd.FPKM-UQ.txt.gz	Transcriptome Profiling	Gene Expression Quantification	TCGA-KIRC	TCGA-B8-5162	TCGA-B8-5162-01A	Primary Tumor
22885e8f-5b3c-4191-b494-c19391dd97fd	3d01269f-7b74-4f80-8a08-abb448913492.FPKM-UQ.txt.gz	Transcriptome Profiling	Gene Expression Quantification	TCGA-KIRC	TCGA-B0-5077	TCGA-B0-5077-01A	Primary Tumor
1378c949-1cff-49bf-8132-3075e15eee91	0e303e50-9b5f-4ac5-9428-cc9979667d48.FPKM-UQ.txt.gz	Transcriptome Profiling	Gene Expression Quantification	TCGA-KIRC	TCGA-CW-5580	TCGA-CW-5580-01A	Primary Tumor
51d4d50f-093b-4528-8e5d-8a100b783505	e3f9e542-aeb1-48f7-ad1d-929262441454.FPKM-UQ.txt.gz	Transcriptome Profiling	Gene Expression Quantification	TCGA-KIRC	TCGA-CW-5588	TCGA-CW-5588-01A	Primary Tumor
a4024497-bfa9-49ac-9222-a5b6af4ae7c2	7f8961db-237b-44d5-b9f8-eb3980896b98.FPKM-UQ.txt.gz	Transcriptome Profiling	Gene Expression Quantification	TCGA-KIRC	TCGA-CZ-5985	TCGA-CZ-5985-01A	Primary Tumor
12b47328-fd7d-486c-8f44-a1f6e422262b	6e2447ba-25fb-4c53-bf2f-4ee1e3642da2.FPKM-UQ.txt.gz	Transcriptome Profiling	Gene Expression Quantification	TCGA-KIRC	TCGA-A3-3376	TCGA-A3-3376-01A	Primary Tumor
8f1b8223-4c65-43cb-847b-81a371bc824a	f426d6b8-5010-471c-aa9c-253269f6bc03.FPKM-UQ.txt.gz	Transcriptome Profiling	Gene Expression Quantification	TCGA-KIRC	TCGA-CJ-5686	TCGA-CJ-5686-01A	Primary Tumor
5a3e4959-88ba-4ca9-8b39-8275fd14710d	3c5c3b14-62d4-431a-ba60-cf2eb96d7e8a.FPKM-UQ.txt.gz	Transcriptome Profiling	Gene Expression Quantification	TCGA-KIRC	TCGA-B8-A54I	TCGA-B8-A54I-01A	Primary Tumor
b791d3bf-f342-4632-a8fc-881c2bbe7ab5	2e1b2787-8e16-4622-a1e0-3b96e6381e87.FPKM-UQ.txt.gz	Transcriptome Profiling	Gene Expression Quantification	TCGA-KIRC	TCGA-B8-A54J	TCGA-B8-A54J-01A	Primary Tumor
83bc48f3-a1dd-4cfc-87bb-ebd902d54922	8d39e856-f93f-4eab-90ef-1e924b059fee.FPKM-UQ.txt.gz	Transcriptome Profiling	Gene Expression Quantification	TCGA-KIRC	TCGA-DV-5567	TCGA-DV-5567-01A	Primary Tumor
ced35100-985a-438d-b2d0-d4691b949356	ce4e2cee-4331-44bb-af7d-69fa303a8776.FPKM-UQ.txt.gz	Transcriptome Profiling	Gene Expression Quantification	TCGA-KIRC	TCGA-CZ-5458	TCGA-CZ-5458-01A	Primary Tumor
88c1690a-4d5b-4a1b-b5a3-a3a08dd58926	476bae8b-1fb6-4c6c-98ae-2a779a718e6f.FPKM-UQ.txt.gz	Transcriptome Profiling	Gene Expression Quantification	TCGA-KIRC	TCGA-B8-5164	TCGA-B8-5164-01A	Primary Tumor
7d8d648c-4804-4985-aa23-5f43b8755061	4803ca9c-59c4-4330-b8f7-e3eb4a01ebb6.FPKM-UQ.txt.gz	Transcriptome Profiling	Gene Expression Quantification	TCGA-KIRC	TCGA-CZ-5989	TCGA-CZ-5989-01A	Primary Tumor
d5d33b8c-e197-407a-b3a9-8a22c1b903c7	c0585219-4f92-423a-94bc-249d4f8c3b35.FPKM-UQ.txt.gz	Transcriptome Profiling	Gene Expression Quantification	TCGA-KIRC	TCGA-CJ-5676	TCGA-CJ-5676-11A	Solid Tissue Normal
1767847d-5bf5-485d-8b34-6b221cab9974	2f636668-f8a7-4aaa-a089-b65cd8f5809e.FPKM-UQ.txt.gz	Transcriptome Profiling	Gene Expression Quantification	TCGA-KIRC	TCGA-CZ-5453	TCGA-CZ-5453-11A	Solid Tissue Normal
3c57904f-9e4d-486e-bc04-19fcc54a199a	ca8a081c-43f9-4f6b-8736-64eb61cd72aa.FPKM-UQ.txt.gz	Transcriptome Profiling	Gene Expression Quantification	TCGA-KIRC	TCGA-BP-4982	TCGA-BP-4982-01A	Primary Tumor
eead45ff-67ae-4caa-870c-b5d0c1ec2010	590db39a-029c-4f4b-9bcd-aec5d18580db.FPKM-UQ.txt.gz	Transcriptome Profiling	Gene Expression Quantification	TCGA-KIRC	TCGA-B8-5159	TCGA-B8-5159-01A	Primary Tumor
0597d89f-e2cb-475c-807e-19ed6c81539d	58ff1a2a-76d0-4727-a749-7c9cf1bae05a.FPKM-UQ.txt.gz	Transcriptome Profiling	Gene Expression Quantification	TCGA-KIRC	TCGA-G6-A8L8	TCGA-G6-A8L8-01A	Primary Tumor
c6b297e0-d53e-4b6d-a587-d5edd4bf17d5	ef6b65f8-e67d-4584-9042-8ae5dbdc845a.FPKM-UQ.txt.gz	Transcriptome Profiling	Gene Expression Quantification	TCGA-KIRC	TCGA-B0-5085	TCGA-B0-5085-01A	Primary Tumor
bbcf25e9-a5bd-4404-92a8-843b5fc9e324	8c4af45c-5747-4cf1-942d-0a7352b369f3.FPKM-UQ.txt.gz	Transcriptome Profiling	Gene Expression Quantification	TCGA-KIRC	TCGA-BP-5184	TCGA-BP-5184-01A	Primary Tumor
c19856f5-2ed2-4c40-b967-91261cc7faed	bed41d1f-443b-4abe-917c-e79f03bf2ae3.FPKM-UQ.txt.gz	Transcriptome Profiling	Gene Expression Quantification	TCGA-KIRC	TCGA-BP-5010	TCGA-BP-5010-01A	Primary Tumor
5b6062ae-ebe0-40da-958c-24b1ad1f195c	3f4c303e-97a4-4171-b389-0d8dfce24aa7.FPKM-UQ.txt.gz	Transcriptome Profiling	Gene Expression Quantification	TCGA-KIRC	TCGA-B0-5709	TCGA-B0-5709-11A	Solid Tissue Normal
108caf3f-2a6d-4eb0-96e7-63107b87bfa3	a7ba8570-638d-4ec3-a02e-e861114ce097.FPKM-UQ.txt.gz	Transcriptome Profiling	Gene Expression Quantification	TCGA-KIRC	TCGA-BP-4970	TCGA-BP-4970-01A	Primary Tumor
470e41b0-0d64-46a0-8435-3843baf5c611	34e77fac-9e4b-481c-9a6c-a1b5f0916f06.FPKM-UQ.txt.gz	Transcriptome Profiling	Gene Expression Quantification	TCGA-KIRC	TCGA-EU-5904	TCGA-EU-5904-01A	Primary Tumor
a069dfad-b088-410d-bf67-421219d504f6	7ac46b6d-5042-4aa9-946d-b75a13d3747f.FPKM-UQ.txt.gz	Transcriptome Profiling	Gene Expression Quantification	TCGA-KIRC	TCGA-B0-5402	TCGA-B0-5402-01A	Primary Tumor
35a16035-178d-4ad2-9157-fbd5b872f8dd	f771854c-24cb-499a-b13c-b2fee71bcb39.FPKM-UQ.txt.gz	Transcriptome Profiling	Gene Expression Quantification	TCGA-KIRC	TCGA-A3-3311	TCGA-A3-3311-01A	Primary Tumor
cbbbe52c-0601-4b42-a7bd-759523928abc	1f578919-3fbb-4491-8381-46b097f5339c.FPKM-UQ.txt.gz	Transcriptome Profiling	Gene Expression Quantification	TCGA-KIRC	TCGA-B0-4700	TCGA-B0-4700-01A	Primary Tumor
e8af3aa3-c4cf-4f76-b1f8-deeea19632da	10d26b59-35d5-4925-9f28-6d54125ad67a.FPKM-UQ.txt.gz	Transcriptome Profiling	Gene Expression Quantification	TCGA-KIRC	TCGA-B0-5710	TCGA-B0-5710-01A	Primary Tumor
cbf52236-e05b-401e-a3f3-b08034f0e731	35f271be-6fd4-411a-afbc-c370665c363a.FPKM-UQ.txt.gz	Transcriptome Profiling	Gene Expression Quantification	TCGA-KIRC	TCGA-CJ-4916	TCGA-CJ-4916-01A	Primary Tumor
055ca286-85ea-44de-ac25-e4d4ef801007	37759f54-5e74-48fd-87fe-630270219430.FPKM-UQ.txt.gz	Transcriptome Profiling	Gene Expression Quantification	TCGA-KIRC	TCGA-A3-3331	TCGA-A3-3331-01A	Primary Tumor
c15832df-6df8-4ff9-b958-7a42ba86368d	d88996bb-af00-4040-b251-29807506ac1f.FPKM-UQ.txt.gz	Transcriptome Profiling	Gene Expression Quantification	TCGA-KIRC	TCGA-CJ-6027	TCGA-CJ-6027-01A	Primary Tumor
5da4b060-8f42-469e-80f7-dd2b08808ccf	02b3ab24-8d8e-40b4-b0a5-d69aa69e0a6f.FPKM-UQ.txt.gz	Transcriptome Profiling	Gene Expression Quantification	TCGA-KIRC	TCGA-B0-5691	TCGA-B0-5691-11A	Solid Tissue Normal
44f922b8-185e-45e5-8faa-fbc4782d9403	6134c694-922d-4559-8f55-e03cc58d66dc.FPKM-UQ.txt.gz	Transcriptome Profiling	Gene Expression Quantification	TCGA-KIRC	TCGA-CJ-4869	TCGA-CJ-4869-01A	Primary Tumor
cf5090d2-5366-404c-b610-981705edc20e	14a46052-6b89-4fb0-bc9c-08d232219ab7.FPKM-UQ.txt.gz	Transcriptome Profiling	Gene Expression Quantification	TCGA-KIRC	TCGA-CJ-5676	TCGA-CJ-5676-01A	Primary Tumor
9e53a3a0-47e3-4033-a12e-f1c068d1123c	76b4e454-8b75-449b-98cc-3c41c5e063a3.FPKM-UQ.txt.gz	Transcriptome Profiling	Gene Expression Quantification	TCGA-KIRC	TCGA-B8-5163	TCGA-B8-5163-01A	Primary Tumor
87364efc-f98e-4b24-8b8b-848f8c9d5509	f00661fe-0081-435b-afea-27e1f1b39f33.FPKM-UQ.txt.gz	Transcriptome Profiling	Gene Expression Quantification	TCGA-KIRC	TCGA-BP-5182	TCGA-BP-5182-01A	Primary Tumor
456faf24-3e2b-45a1-8dcb-e05327379637	6fe662c3-c2c3-4c70-9f77-5061cea46203.FPKM-UQ.txt.gz	Transcriptome Profiling	Gene Expression Quantification	TCGA-KIRC	TCGA-BP-5192	TCGA-BP-5192-01A	Primary Tumor
eafbb1a9-cd23-41de-9074-9f3ed743d39e	bef7c254-c614-4472-929a-e765e3014180.FPKM-UQ.txt.gz	Transcriptome Profiling	Gene Expression Quantification	TCGA-KIRC	TCGA-A3-3383	TCGA-A3-3383-01A	Primary Tumor
c6e68f24-3ddf-48c2-a013-4ba4c0c0213b	9c38ed5a-076d-4ef9-ab1f-39814bf665b3.FPKM-UQ.txt.gz	Transcriptome Profiling	Gene Expression Quantification	TCGA-KIRC	TCGA-CZ-4859	TCGA-CZ-4859-01A	Primary Tumor
09204a32-2f55-49bb-aea6-e3335530cdfe	27348a04-4203-4990-ba27-4bde0422932b.FPKM-UQ.txt.gz	Transcriptome Profiling	Gene Expression Quantification	TCGA-KIRC	TCGA-BP-5169	TCGA-BP-5169-01A	Primary Tumor
ccfef8d5-36a2-4c22-87d6-6d5973f5f955	fe1e1f62-8e18-4400-9b25-2c439fa25b6f.FPKM-UQ.txt.gz	Transcriptome Profiling	Gene Expression Quantification	TCGA-KIRC	TCGA-BP-4999	TCGA-BP-4999-01A	Primary Tumor
c7f128dd-7c96-41a7-99e7-e73700deb0e1	9fa215ae-e9ce-4f87-9c8e-b3d9574925c8.FPKM-UQ.txt.gz	Transcriptome Profiling	Gene Expression Quantification	TCGA-KIRC	TCGA-CJ-5672	TCGA-CJ-5672-01A	Primary Tumor
ecf9465f-7e8c-406e-83b0-4388b177a57e	31dd0805-728c-4e1e-8ef9-eaf304f91852.FPKM-UQ.txt.gz	Transcriptome Profiling	Gene Expression Quantification	TCGA-KIRC	TCGA-BP-5174	TCGA-BP-5174-01A	Primary Tumor
59d99a1f-5858-4f87-8fae-caa33843af13	40cc0bb9-64a0-4163-9244-1ab3ddfbfea0.FPKM-UQ.txt.gz	Transcriptome Profiling	Gene Expression Quantification	TCGA-KIRC	TCGA-BP-4963	TCGA-BP-4963-01A	Primary Tumor
1a1e9c21-3c35-4f2b-bdaf-aed68cb325b4	cde6e107-8870-48c2-85b9-c0f1d71bfc0e.FPKM-UQ.txt.gz	Transcriptome Profiling	Gene Expression Quantification	TCGA-KIRC	TCGA-B0-5812	TCGA-B0-5812-01A	Primary Tumor
a054c85e-782e-4f57-bc07-6f2790d30b91	9f7c8176-5349-4bbc-bf0b-96b2e01e09fc.FPKM-UQ.txt.gz	Transcriptome Profiling	Gene Expression Quantification	TCGA-KIRC	TCGA-B0-5691	TCGA-B0-5691-01A	Primary Tumor
cb57b254-289b-4503-b766-d553c6d21957	87ae6f80-ff00-4b44-bcfe-ef3a3c1582cb.FPKM-UQ.txt.gz	Transcriptome Profiling	Gene Expression Quantification	TCGA-KIRC	TCGA-CJ-4902	TCGA-CJ-4902-01A	Primary Tumor
898e16a1-6b36-464e-a9c7-3b29aa44cda3	e69a2070-7766-4e4a-89f5-5728e2c9590f.FPKM-UQ.txt.gz	Transcriptome Profiling	Gene Expression Quantification	TCGA-KIRC	TCGA-BP-5004	TCGA-BP-5004-01A	Primary Tumor
7a9a2588-7778-410c-95f8-3c282a90fba0	891d5512-0e8d-4dac-9f76-71aeae3937a6.FPKM-UQ.txt.gz	Transcriptome Profiling	Gene Expression Quantification	TCGA-KIRC	TCGA-CZ-5986	TCGA-CZ-5986-01A	Primary Tumor
78531536-5429-4b07-b890-15fd07c72ee4	8236e9a3-ea00-4a0f-923e-40d55c300a83.FPKM-UQ.txt.gz	Transcriptome Profiling	Gene Expression Quantification	TCGA-KIRC	TCGA-BP-5177	TCGA-BP-5177-01A	Primary Tumor
e7b327cb-4e2c-4e67-b146-9e42d0ccaa8f	37a2db43-317f-475b-8379-960202fba684.FPKM-UQ.txt.gz	Transcriptome Profiling	Gene Expression Quantification	TCGA-KIRC	TCGA-B0-5692	TCGA-B0-5692-01A	Primary Tumor
8103da2b-d01f-45cd-a679-96543b5baff6	cc53db99-d81a-490d-b6f2-748a286c9567.FPKM-UQ.txt.gz	Transcriptome Profiling	Gene Expression Quantification	TCGA-KIRC	TCGA-CJ-6033	TCGA-CJ-6033-11A	Solid Tissue Normal
d4dd1237-a3d9-40cb-a183-a2b950fe0137	ff7a8aa0-f671-441d-adfb-e1139614a47a.FPKM-UQ.txt.gz	Transcriptome Profiling	Gene Expression Quantification	TCGA-KIRC	TCGA-B0-5113	TCGA-B0-5113-01A	Primary Tumor
61cb1bc1-2614-47ba-860e-ebbafad4f267	22b2ac9e-b6d4-415e-b7ab-7c3c85c8d215.FPKM-UQ.txt.gz	Transcriptome Profiling	Gene Expression Quantification	TCGA-KIRC	TCGA-CJ-4912	TCGA-CJ-4912-01A	Primary Tumor
5c6347f5-0adb-437a-92e7-42c480b2bb3d	309c2415-06e2-405d-801f-1d8ddb89c0ba.FPKM-UQ.txt.gz	Transcriptome Profiling	Gene Expression Quantification	TCGA-KIRC	TCGA-CJ-6032	TCGA-CJ-6032-01A	Primary Tumor
54285b88-067a-458d-810c-e6faa2df42f3	137d53ea-eb81-427d-ba2a-c346b904bf4d.FPKM-UQ.txt.gz	Transcriptome Profiling	Gene Expression Quantification	TCGA-KIRC	TCGA-BP-4976	TCGA-BP-4976-01A	Primary Tumor
0d3ebfad-69c7-4bd6-9a47-53493e2a98d6	a73b7250-3437-4279-b3e1-1add31d7b3fc.FPKM-UQ.txt.gz	Transcriptome Profiling	Gene Expression Quantification	TCGA-KIRC	TCGA-CJ-5680	TCGA-CJ-5680-11A	Solid Tissue Normal
e69bb3ac-855d-4995-adf7-046bacbd9aac	1f443134-5a5e-492f-9f82-843280eeaa7f.FPKM-UQ.txt.gz	Transcriptome Profiling	Gene Expression Quantification	TCGA-KIRC	TCGA-BP-4993	TCGA-BP-4993-01A	Primary Tumor
70f2562e-0f20-4a7f-a914-bca3f4371f1d	dcfbb975-9b59-4afb-8735-84206200af7a.FPKM-UQ.txt.gz	Transcriptome Profiling	Gene Expression Quantification	TCGA-KIRC	TCGA-CW-6090	TCGA-CW-6090-11A	Solid Tissue Normal
f9396df4-92bb-44bd-9e18-b607766e985e	d0948978-3724-49dd-b7f7-5a28ca9a8571.FPKM-UQ.txt.gz	Transcriptome Profiling	Gene Expression Quantification	TCGA-KIRC	TCGA-CW-6093	TCGA-CW-6093-01A	Primary Tumor
66047206-8086-42e1-b89b-5fbfe31776c4	aafeade1-c999-487f-9a76-582f33545eee.FPKM-UQ.txt.gz	Transcriptome Profiling	Gene Expression Quantification	TCGA-KIRC	TCGA-DV-A4VX	TCGA-DV-A4VX-01A	Primary Tumor
25e04c53-8467-4836-bf33-398a94da90e5	978e6eae-88e0-4886-8523-baabc7b0764d.FPKM-UQ.txt.gz	Transcriptome Profiling	Gene Expression Quantification	TCGA-KIRC	TCGA-CJ-4920	TCGA-CJ-4920-01A	Primary Tumor
364b5a1c-1b25-46ea-80ed-cf20bc40fd48	cf8cc0b6-be04-4f59-9baa-7270aa0fba53.FPKM-UQ.txt.gz	Transcriptome Profiling	Gene Expression Quantification	TCGA-KIRC	TCGA-BP-4995	TCGA-BP-4995-01A	Primary Tumor
5f584017-5ccd-4eeb-bd55-58849e367eea	b393f2a6-56ad-4467-9051-98c0cfa0550c.FPKM-UQ.txt.gz	Transcriptome Profiling	Gene Expression Quantification	TCGA-KIRC	TCGA-B8-A54H	TCGA-B8-A54H-01A	Primary Tumor
9f16bdad-c695-4f8d-8a66-eb0273bc66d1	608afa9d-7bfd-44d3-9d73-1b027c185518.FPKM-UQ.txt.gz	Transcriptome Profiling	Gene Expression Quantification	TCGA-KIRC	TCGA-B0-5115	TCGA-B0-5115-01A	Primary Tumor
6300a839-f07c-4827-83af-a01662000925	1595b26f-d684-4962-b7ee-1f64addc4390.FPKM-UQ.txt.gz	Transcriptome Profiling	Gene Expression Quantification	TCGA-KIRC	TCGA-CZ-5987	TCGA-CZ-5987-01A	Primary Tumor
d49ec6fb-4470-4d19-9993-8742f76f368a	eff473b1-657a-4004-bbf8-c48f948e4e7d.FPKM-UQ.txt.gz	Transcriptome Profiling	Gene Expression Quantification	TCGA-KIRC	TCGA-B0-5108	TCGA-B0-5108-01A	Primary Tumor
b59ca99e-2b9f-40a3-be7c-fbd1440fb6af	df6c9ff4-db5f-42c9-a98e-91d2f4f14ee6.FPKM-UQ.txt.gz	Transcriptome Profiling	Gene Expression Quantification	TCGA-KIRC	TCGA-BP-5186	TCGA-BP-5186-01A	Primary Tumor
59439054-9462-4b58-bfde-164cc2bf8f2e	692302e6-386a-43ff-8792-cb84a07896ce.FPKM-UQ.txt.gz	Transcriptome Profiling	Gene Expression Quantification	TCGA-KIRC	TCGA-BP-4965	TCGA-BP-4965-01A	Primary Tumor
022a4f97-50be-4195-b6f3-af4afb1a67f8	521cf209-e415-4352-96d7-aef7c1d564c0.FPKM-UQ.txt.gz	Transcriptome Profiling	Gene Expression Quantification	TCGA-KIRC	TCGA-CJ-4900	TCGA-CJ-4900-01A	Primary Tumor
14007a9d-045b-462f-965e-42b9d444872f	677bb05d-81de-4202-a17b-bc39fb1bfb5d.FPKM-UQ.txt.gz	Transcriptome Profiling	Gene Expression Quantification	TCGA-KIRC	TCGA-CZ-5470	TCGA-CZ-5470-01A	Primary Tumor
46e87b08-f899-46dd-acf7-528238df4dc0	ffcebcae-607d-4a4c-bb0e-6eda3ec5ac25.FPKM-UQ.txt.gz	Transcriptome Profiling	Gene Expression Quantification	TCGA-KIRC	TCGA-CZ-4856	TCGA-CZ-4856-01A	Primary Tumor
7b3bf596-2c17-4a0a-bbcd-2c10097b2fff	8f6d3839-330b-45c7-86e5-1b9051a2c9f0.FPKM-UQ.txt.gz	Transcriptome Profiling	Gene Expression Quantification	TCGA-KIRC	TCGA-B0-5706	TCGA-B0-5706-01A	Primary Tumor
0a797992-2416-4770-8790-6d9603df6d35	5e34aa02-ef95-47e8-8dc1-7fdbbb9c883c.FPKM-UQ.txt.gz	Transcriptome Profiling	Gene Expression Quantification	TCGA-KIRC	TCGA-B0-5097	TCGA-B0-5097-01A	Primary Tumor
0efbffb2-e37d-4c1a-94b6-6075f5058f2a	a86ebddd-ebf1-4e14-89ec-de8b0dac02ff.FPKM-UQ.txt.gz	Transcriptome Profiling	Gene Expression Quantification	TCGA-KIRC	TCGA-B0-4700	TCGA-B0-4700-11A	Solid Tissue Normal
62188f4a-000e-474e-8de4-a65bb32ca952	a2225f76-3b17-494d-81b6-5c68b73150ff.FPKM-UQ.txt.gz	Transcriptome Profiling	Gene Expression Quantification	TCGA-KIRC	TCGA-B0-5713	TCGA-B0-5713-01A	Primary Tumor
83f936fb-d4f6-4e53-bf0a-7eea420849da	4e9f8a0e-5266-486d-91b3-a4701340b095.FPKM-UQ.txt.gz	Transcriptome Profiling	Gene Expression Quantification	TCGA-KIRC	TCGA-CJ-4903	TCGA-CJ-4903-01A	Primary Tumor
5c33a698-2bd1-40f4-923f-e1c09f6d5d36	a51644b5-14b7-4764-b1c6-946613cd0215.FPKM-UQ.txt.gz	Transcriptome Profiling	Gene Expression Quantification	TCGA-KIRC	TCGA-BP-5170	TCGA-BP-5170-01A	Primary Tumor
430150e6-782f-4efc-857e-5ced9d922656	d8d4c3ae-74b5-4069-bac3-2722f224ffe8.FPKM-UQ.txt.gz	Transcriptome Profiling	Gene Expression Quantification	TCGA-KIRC	TCGA-BP-5185	TCGA-BP-5185-01A	Primary Tumor
cf5e7182-81b4-49bc-9f01-a8ecee764038	baec09c9-c1e3-4504-97f2-41e4bf9cb628.FPKM-UQ.txt.gz	Transcriptome Profiling	Gene Expression Quantification	TCGA-KIRC	TCGA-B0-5107	TCGA-B0-5107-01A	Primary Tumor
1d8d49f6-4673-4f50-b38e-18d4864bdc4f	8170404a-1f5b-49b4-9d68-a196c57da6b2.FPKM-UQ.txt.gz	Transcriptome Profiling	Gene Expression Quantification	TCGA-KIRC	TCGA-B8-5549	TCGA-B8-5549-01A	Primary Tumor
8ef2bf85-57d3-44e4-82eb-135b42aab56a	064910fa-3648-4324-b958-47a3b89fe4b5.FPKM-UQ.txt.gz	Transcriptome Profiling	Gene Expression Quantification	TCGA-KIRC	TCGA-B0-4827	TCGA-B0-4827-01A	Primary Tumor
6ab666dd-7283-4cba-b11f-0dac9ad32813	577b8ba8-29d6-4687-ad78-bb2d21ce6d40.FPKM-UQ.txt.gz	Transcriptome Profiling	Gene Expression Quantification	TCGA-KIRC	TCGA-CZ-5458	TCGA-CZ-5458-11A	Solid Tissue Normal
84ce1ecd-0bc4-4ac2-88b7-4b2bbc176ae1	135ce95c-79ae-43d0-83d9-a435c2974267.FPKM-UQ.txt.gz	Transcriptome Profiling	Gene Expression Quantification	TCGA-KIRC	TCGA-CZ-5985	TCGA-CZ-5985-11A	Solid Tissue Normal
f20f9231-0fd2-4d9c-ad67-cabe3f903177	996fa724-fa06-4f69-abd7-910a1a74e276.FPKM-UQ.txt.gz	Transcriptome Profiling	Gene Expression Quantification	TCGA-KIRC	TCGA-CZ-5982	TCGA-CZ-5982-01A	Primary Tumor
dc7e2b1b-74cb-4c8e-8025-abb6c652c31e	f83b0459-e485-4988-bdce-5a217b454d8b.FPKM-UQ.txt.gz	Transcriptome Profiling	Gene Expression Quantification	TCGA-KIRC	TCGA-B2-5635	TCGA-B2-5635-01A	Primary Tumor
5d9ab945-2989-4d8e-83ec-9a12108a1956	39edcb3c-c9f4-4b00-8b16-17f1909fef15.FPKM-UQ.txt.gz	Transcriptome Profiling	Gene Expression Quantification	TCGA-KIRC	TCGA-BP-5183	TCGA-BP-5183-01A	Primary Tumor
5b19e6aa-9b10-4d87-b7ec-20e16c418e79	8a5ed889-bb3d-47a2-bd2a-0a1d139a3809.FPKM-UQ.txt.gz	Transcriptome Profiling	Gene Expression Quantification	TCGA-KIRC	TCGA-A3-3382	TCGA-A3-3382-01A	Primary Tumor
af540597-3ae2-4ab4-89c4-7239d74b98c0	f0dd3f84-52af-4d84-b911-c12ce87070a5.FPKM-UQ.txt.gz	Transcriptome Profiling	Gene Expression Quantification	TCGA-KIRC	TCGA-A3-3316	TCGA-A3-3316-01A	Primary Tumor
4cc64044-d2b5-4357-be3d-3fbbd36a0e31	34119118-6feb-4641-9e6c-485981c7984b.FPKM-UQ.txt.gz	Transcriptome Profiling	Gene Expression Quantification	TCGA-KIRC	TCGA-B0-5696	TCGA-B0-5696-11A	Solid Tissue Normal
206ab7b4-88ac-4337-a5d3-84ffa5ed9eff	2087ef7f-0932-4a43-b402-d401de95f0d6.FPKM-UQ.txt.gz	Transcriptome Profiling	Gene Expression Quantification	TCGA-KIRC	TCGA-B2-5639	TCGA-B2-5639-01A	Primary Tumor
1725c4a5-1fd0-4327-9061-53c2cdc09fb4	b60bae63-d05c-44f5-9551-bb6cc40c1011.FPKM-UQ.txt.gz	Transcriptome Profiling	Gene Expression Quantification	TCGA-KIRC	TCGA-CJ-4908	TCGA-CJ-4908-01A	Primary Tumor
4e554014-f97b-4762-a441-2c3c6167c5ac	7db35b39-8d3e-4f93-8450-7e494ba9e0f8.FPKM-UQ.txt.gz	Transcriptome Profiling	Gene Expression Quantification	TCGA-KIRC	TCGA-BP-4967	TCGA-BP-4967-01A	Primary Tumor
71f754ca-c72b-4314-b8ff-dac6276dd07c	dba87d20-a3ed-4ca3-93f7-0fe979f7923a.FPKM-UQ.txt.gz	Transcriptome Profiling	Gene Expression Quantification	TCGA-KIRC	TCGA-A3-A6NI	TCGA-A3-A6NI-01A	Primary Tumor
ede0859c-0324-4d9b-91bd-981bd8206d19	11ad89e5-bfa7-42bc-8dd4-13a5f745df1a.FPKM-UQ.txt.gz	Transcriptome Profiling	Gene Expression Quantification	TCGA-KIRC	TCGA-CW-5591	TCGA-CW-5591-01A	Primary Tumor
b386c45d-0ef1-4be3-a074-0f288e0bfa77	5e879f5e-3253-48fb-906f-0c36c3abe5f0.FPKM-UQ.txt.gz	Transcriptome Profiling	Gene Expression Quantification	TCGA-KIRC	TCGA-B0-5711	TCGA-B0-5711-01A	Primary Tumor
e956608c-20a7-47bc-8470-1e3bb10b73e2	3645a77a-a0da-4385-b02d-4e52fbe33df0.FPKM-UQ.txt.gz	Transcriptome Profiling	Gene Expression Quantification	TCGA-KIRC	TCGA-BP-5175	TCGA-BP-5175-01A	Primary Tumor
01c7a54b-a501-4546-860b-8ca815f11000	9792f7ee-3295-43d7-b2f9-46cfa2dd2167.FPKM-UQ.txt.gz	Transcriptome Profiling	Gene Expression Quantification	TCGA-KIRC	TCGA-CZ-5984	TCGA-CZ-5984-11A	Solid Tissue Normal
33c55a35-57a8-4c72-b317-c17486379ff0	b25e8317-280f-4d1d-a65f-67bb2a20268d.FPKM-UQ.txt.gz	Transcriptome Profiling	Gene Expression Quantification	TCGA-KIRC	TCGA-BP-4989	TCGA-BP-4989-01A	Primary Tumor
d5fc54b4-e5a2-49b3-873a-26dde4941ed0	e8bb4231-35af-462f-accf-a07a1aa9d5a6.FPKM-UQ.txt.gz	Transcriptome Profiling	Gene Expression Quantification	TCGA-KIRC	TCGA-B0-5075	TCGA-B0-5075-01A	Primary Tumor
01852825-83a3-4856-a5d2-841620a2a48d	a4bf31ea-aae7-45d1-9728-cf40d4c4b7da.FPKM-UQ.txt.gz	Transcriptome Profiling	Gene Expression Quantification	TCGA-KIRC	TCGA-B0-4842	TCGA-B0-4842-01A	Primary Tumor
1de7afae-4de2-4754-9a63-4459fd45f880	43a95b01-4d9e-4205-9eda-f7cfcfabe0de.FPKM-UQ.txt.gz	Transcriptome Profiling	Gene Expression Quantification	TCGA-KIRC	TCGA-B0-5696	TCGA-B0-5696-01A	Primary Tumor
f7d7611e-03e7-4b58-88a1-0ee67c940df1	576dfeab-3d42-4c3d-be8f-10279e800cfb.FPKM-UQ.txt.gz	Transcriptome Profiling	Gene Expression Quantification	TCGA-KIRC	TCGA-BP-5178	TCGA-BP-5178-01A	Primary Tumor
1713ab72-04b3-4fd0-b45c-06dc5d64c863	fcd37843-e471-4fc3-a4fd-da8d161d36e4.FPKM-UQ.txt.gz	Transcriptome Profiling	Gene Expression Quantification	TCGA-KIRC	TCGA-BP-5190	TCGA-BP-5190-01A	Primary Tumor
323c648b-f721-4854-b9d8-52f5e0705978	401e568d-f69a-4b06-92f7-3441004b5438.FPKM-UQ.txt.gz	Transcriptome Profiling	Gene Expression Quantification	TCGA-KIRC	TCGA-AS-3778	TCGA-AS-3778-01A	Primary Tumor
0f9c30c1-1e14-404f-97b9-b0576d8d1b04	f091a9a1-1645-4a21-b5a2-2f7cae2bdbfe.FPKM-UQ.txt.gz	Transcriptome Profiling	Gene Expression Quantification	TCGA-KIRC	TCGA-CZ-5984	TCGA-CZ-5984-01A	Primary Tumor
a6157eb3-0a6e-476e-9a61-77fefb9f7873	74820fcd-2e21-4de7-aabf-bdea4842046a.FPKM-UQ.txt.gz	Transcriptome Profiling	Gene Expression Quantification	TCGA-KIRC	TCGA-B0-5094	TCGA-B0-5094-01A	Primary Tumor
8d6453ab-0275-4ad0-8ec6-7ccadecd1540	45db4b6d-e0d3-430f-b88e-cda7a388c2af.FPKM-UQ.txt.gz	Transcriptome Profiling	Gene Expression Quantification	TCGA-KIRC	TCGA-BP-5009	TCGA-BP-5009-01A	Primary Tumor
6b617e66-fe06-4a78-bbc4-994119f6a78c	4ad49961-f26f-4c78-9ea1-7c13f1a36f2e.FPKM-UQ.txt.gz	Transcriptome Profiling	Gene Expression Quantification	TCGA-KIRC	TCGA-BP-5191	TCGA-BP-5191-01A	Primary Tumor
e67169f4-cbc7-49ed-bfa3-1e4db91eaff8	9a7c9e75-314d-49ab-9e31-5cb1fb1ebb38.FPKM-UQ.txt.gz	Transcriptome Profiling	Gene Expression Quantification	TCGA-KIRC	TCGA-CZ-5459	TCGA-CZ-5459-01A	Primary Tumor
7f756421-0374-44db-a6e3-b8a51e6ed965	810d7c7d-1e04-4eae-8ae1-049dc111e255.FPKM-UQ.txt.gz	Transcriptome Profiling	Gene Expression Quantification	TCGA-KIRC	TCGA-A3-3372	TCGA-A3-3372-01A	Primary Tumor
53277a48-3f60-42b2-9fda-78e7cbff001e	98386c9e-712a-4a16-ae18-736d6ff54973.FPKM-UQ.txt.gz	Transcriptome Profiling	Gene Expression Quantification	TCGA-KIRC	TCGA-CZ-5465	TCGA-CZ-5465-11A	Solid Tissue Normal
a825e6ca-9438-4a2d-987d-c3f093515362	f6dcf5aa-b9d3-4959-8dc9-ad67dbc3c9d0.FPKM-UQ.txt.gz	Transcriptome Profiling	Gene Expression Quantification	TCGA-KIRC	TCGA-CJ-6033	TCGA-CJ-6033-01A	Primary Tumor
d813a4ed-bf51-4927-9b68-9897547fab3d	956b383e-6fd2-492c-b907-cf7c09b06863.FPKM-UQ.txt.gz	Transcriptome Profiling	Gene Expression Quantification	TCGA-KIRC	TCGA-B2-4101	TCGA-B2-4101-01A	Primary Tumor
4e6d8721-8328-49c9-8a97-66c744d327dd	9e7b7456-e255-4f73-bb17-4bb981d5cd21.FPKM-UQ.txt.gz	Transcriptome Profiling	Gene Expression Quantification	TCGA-KIRC	TCGA-B8-4148	TCGA-B8-4148-01A	Primary Tumor
1d8f779f-b92f-4842-b8a6-4c5aa2459ac6	2fcd467f-4ea2-4712-ad16-217e05b135b1.FPKM-UQ.txt.gz	Transcriptome Profiling	Gene Expression Quantification	TCGA-KIRC	TCGA-CJ-5680	TCGA-CJ-5680-01A	Primary Tumor
771584b8-b7ee-4e2a-b0cc-07d9f92ad40d	130e22b9-5b91-437a-88be-aefaced5bb5e.FPKM-UQ.txt.gz	Transcriptome Profiling	Gene Expression Quantification	TCGA-KIRC	TCGA-B0-5703	TCGA-B0-5703-11A	Solid Tissue Normal
d288d500-b90c-4541-850d-c39122a0385d	baed5b2d-e928-4f5f-be13-4c592b027c29.FPKM-UQ.txt.gz	Transcriptome Profiling	Gene Expression Quantification	TCGA-KIRC	TCGA-BP-5176	TCGA-BP-5176-01A	Primary Tumor
0c83285e-09eb-4a27-b9b6-e7e01e4637be	4947a490-76f8-4cc9-b66f-f8ad69300179.FPKM-UQ.txt.gz	Transcriptome Profiling	Gene Expression Quantification	TCGA-KIRC	TCGA-B0-5095	TCGA-B0-5095-01A	Primary Tumor
b32bf9cd-8b4a-44bc-8c4a-08a7201e9a94	355f9f19-ed5e-4bf6-a8b5-d50f67d5d43c.FPKM-UQ.txt.gz	Transcriptome Profiling	Gene Expression Quantification	TCGA-KIRC	TCGA-B0-4945	TCGA-B0-4945-01A	Primary Tumor
674e5b72-34ff-4ef6-b5e4-407e25ebb6e2	bb5f9300-48c1-4155-9691-c9780bfa883f.FPKM-UQ.txt.gz	Transcriptome Profiling	Gene Expression Quantification	TCGA-KIRC	TCGA-B0-4823	TCGA-B0-4823-01A	Primary Tumor
4651ad13-c1e5-42eb-ab11-46b51cb759b8	d03e50bd-6a01-4df5-835d-443bc87b8520.FPKM-UQ.txt.gz	Transcriptome Profiling	Gene Expression Quantification	TCGA-KIRC	TCGA-B0-5693	TCGA-B0-5693-01A	Primary Tumor
4ffd8471-a86b-40cd-af92-6180b2e7cbc1	b0f16882-207d-4334-8d7e-a338e03ad30b.FPKM-UQ.txt.gz	Transcriptome Profiling	Gene Expression Quantification	TCGA-KIRC	TCGA-BP-4991	TCGA-BP-4991-01A	Primary Tumor
dc91a1e2-b423-4597-a0bb-25c63bcd8bb1	db4c135e-dae9-4c6d-b765-4a212cc3e13e.FPKM-UQ.txt.gz	Transcriptome Profiling	Gene Expression Quantification	TCGA-KIRC	TCGA-A3-3323	TCGA-A3-3323-01A	Primary Tumor
955b1c7e-00f8-4483-a3ba-3ffcb232417c	c08817f0-fc05-44ea-8a92-8b7538ac49d8.FPKM-UQ.txt.gz	Transcriptome Profiling	Gene Expression Quantification	TCGA-KIRC	TCGA-B0-5711	TCGA-B0-5711-11A	Solid Tissue Normal
